tag,serial,mac,hostname
0923_NB01-11,WM052533W-51310,F4:54:24:66:81:00,AP720-NB01F.501i.11
0923_NB01-12,WM052534W-51997,F4:54:24:68:C5:C0,AP720-NB01F.501i.12
0923_NB01-13,WM052534W-52214,F4:54:24:69:F2:00,AP720-N01F.501i.13
0923_NB01-14,WM052533W-51298,F4:54:24:66:76:40,AP720-N01F.501i.14
0923_N02-15 설치 안함,WM052534W-51061,F4:54:24:69:6C:C0,AP720-N02F.501i.15
0923_N16-16,WM052534W-51422,F4:54:24:68:C9:40,AP720-N16F.501i.16
0923_N16-17,WM052534W-52383,F4:54:24:69:A1:C0,AP720-N16F.501i.17
0923_N16-18,WM052534W-52365,F4:54:24:69:9C:C0,AP720-N16F.501i.18
0923_N16-19,WM052534W-51404,F4:54:24:68:C3:C0,AP720-N16F.501i.19
0923_N16-20,WM052534W-52343,F4:54:24:6A:15:80,AP720-N16F.501i.20
0923_N16-21,WM052534W-52511,F4:54:24:69:C1:C0,AP720-N16F.501i.21
0923_N20-39,WM052534W-51695,F4:54:24:69:0F:80,AP720-N20F.501i.39
0923_N20-40,WM052534W-51400,F4:54:24:68:E5:00,AP720-N20F.501i.40
0923_N20-41,WM052534W-51242,F4:54:24:68:BA:40,AP720-N20F.501i.41
0923_N20-42,WM052534W-51164,F4:54:24:68:A7:C0,AP720-N20F.501i.42
0923_N20-43,WM052534W-52279,F4:54:24:69:C9:80,AP720-N20F.501i.43
0923_N20-44,WM052534W-51333,F4:54:24:69:54:40,AP720-N20F.501i.44
0923_N21-45,WM052534W-51103,F4:54:24:69:6D:40,AP720-N21F.501i.45
0923_N21-46,WM052534W-51290,F4:54:24:68:BA:C0,AP720-N21F.501i.46
0923_N21-47,WM052534W-52203,F4:54:24:6A:09:80,AP720-N21F.501i.47
0923_N21-48,WM052534W-51252,F4:54:24:69:67:80,AP720-N21F.501i.48
0923_N21-49,WM052534W-52504,F4:54:24:69:AB:40,AP720-N21F.501i.49
0923_N21-50,WM052534W-52175,F4:54:24:69:A0:00,AP720-N21F.501i.50
0923_N22-51,WM052534W-51261,F4:54:24:68:EC:00,AP720-N22F.501i.51
0923_N22-52,WM052534W-51395,F4:54:24:69:00:00,AP720-N22F.501i.52
0923_N22-53,WM052533W-51615,F4:54:24:66:D9:00,AP720-N22F.501i.53
0923_N22-54,WM052534W-52028,F4:54:24:69:3F:40,AP720-N22F.501i.54
0923_N22-55,WM052534W-51063,F4:54:24:69:80:80,AP720-N22F.501i.55
0923_N22-56,WM052534W-52200,F4:54:24:69:CD:40,AP720-N22F.501i.56
0923_N23-57,WM052534W-51859,F4:54:24:68:B1:00,AP720-N23F.501i.57
0923_N23-58,WM052533W-51915,F4:54:24:66:95:C0,AP720-N23F.501i.58
0923_N23-59,WM052534W-52145,F4:54:24:69:C3:00,AP720-N23F.501i.59
0923_N23-60,WM052534W-50177,F4:54:24:68:2C:40,AP720-N23F.501i.60
0923_N24-61,WM052534W-51632,F4:54:24:68:FA:C0,AP720-N24F.501i.61
0923_N24-62,WM052534W-52019,F4:54:24:68:9F:C0,AP720-N24F.501i.62
0923_N24-63,WM052534W-52208,F4:54:24:69:BB:00,AP720-N24F.501i.63
0923_N24-64,WM052534W-51169,F4:54:24:68:B7:C0,AP720-N24F.501i.64
0923_N24-65,WM052534W-51357,F4:54:24:69:10:80,AP720-N24F.501i.65
0923_N24-66,WM052534W-51235,F4:54:24:68:B5:C0,AP720-N24F.501i.66
0923_N24-67,WM052534W-51041,F4:54:24:68:9A:40,AP720-N24F.501i.67
0923_N24-68,WM052534W-51871,F4:54:24:68:C1:00,AP720-N24F.501i.68
0923_N24-69,WM052534W-52239,F4:54:24:69:D1:00,AP720-N24F.501i.69
0923_N25-70,WM052533W-51416,F4:54:24:66:7D:00,AP720-N25F.501i.70
0923_N25-71,WM052534W-51358,F4:54:24:68:D9:00,AP720-N25F.501i.71
0923_N25-72,WM052533W-51307,F4:54:24:66:7E:00,AP720-N25F.501i.72
0923_N25-73,WM052533W-51269,F4:54:24:66:86:00,AP720-N25F.501i.73
0923_N25-74,WM052533W-51396,F4:54:24:66:77:00,AP720-N25F.501i.74
0923_N25-75,WM052533W-51421,F4:54:24:66:6C:C0,AP720-N25F.501i.75
0923_N25-76,WM052534W-51049,F4:54:24:69:75:40,AP720-N25F.501i.76
0923_N25-77,WM052534W-52448,F4:54:24:69:D3:80,AP720-N25F.501i.77
0923_N26-78,WM052534W-51362,F4:54:24:69:72:40,AP720-N26F.501i.78
0923_N26-79,WM052534W-52049,F4:54:24:68:FD:C0,AP720-N26F.501i.79
0923_N26-80,WM052533W-51328,F4:54:24:66:62:00,AP720-N26F.501i.80
0923_N26-81,WM052533W-51346,F4:54:24:66:63:40,AP720-N26F.501i.81
0923_N26-82,WM052533W-51411,F4:54:24:66:64:C0,AP720-N26F.501i.82
0923_N26-83,WM052533W-51397,F4:54:24:66:73:40,AP720-N26F.501i.83
0923_N26-84,WM052533W-51384,F4:54:24:66:7E:C0,AP720-N26F.501i.84
0923_N27-85,WM052533W-51385,F4:54:24:66:6E:40,AP720-N27F.501i.85
0923_N27-86,WM052533W-51246,F4:54:24:66:85:80,AP720-N27F.501i.86
0923_N27-87,WM052534W-51592,F4:54:24:69:84:80,AP720-N27F.501i.87
0923_N27-88,WM052533W-51248,F4:54:24:66:88:40,AP720-N27F.501i.88
0923_N27-89,WM052534W-51205,F4:54:24:68:A6:40,AP720-N27F.501i.89
0923_N27-90,WM052534W-51296,F4:54:24:68:B4:00,AP720-N27F.501i.90
0923_N27-91,WM052534W-51543,F4:54:24:69:5E:C0,AP720-N27F.501i.91
0923_N27-92,WM052534W-51274,F4:54:24:68:C2:00,AP720-N27F.501i.92
0923_S01-11,WM052534W-51297,F4:54:24:68:EE:C0,AP710-S01F.501i.11
0923_S01-12,WM052534W-51057,F4:54:24:69:49:40,AP710-S01F.501i.12
0923_S01-13,WM052533W-51316,F4:54:24:66:75:40,AP710-S01F.501i.13
0923_S01-14,WM052534W-51795,F4:54:24:69:81:00,AP710-S01F.501i.14
0923_SB01-15,WM052534W-51259,F4:54:24:69:11:80,AP710-SB01F.501i.15
0923_SB01-16,WM052534W-51697,F4:54:24:68:9D:40,AP710-SB01F.501i.16
0923_SB01-17,WM052534W-52042,F4:54:24:68:DF:80,AP710-SB01F.501i.17
0923_S02-18,WM052534W-52307,F4:54:24:69:99:00,AP710-S02F.501i.18
0923_S02-19,WM052534W-51140,F4:54:24:69:6C:40,AP710-S02F.501i.19
0923_S02-20,WM052534W-51174,F4:54:24:68:B9:80,AP710-S02F.501i.20
0923_S02-21,WM052534W-52469,F4:54:24:6A:13:80,AP710-S02F.501i.21
0923_S02-22,WM052534W-51126,F4:54:24:68:AB:00,AP710-S02F.501i.22
0923_S03-23,WM052534W-52583,F4:54:24:69:A1:80,AP710-S03F.501i.23
0923_S03-24,WM052533W-51372,F4:54:24:66:64:00,AP710-S03F.501i.24
0923_S03-25,WM052534W-51500,F4:54:24:69:11:C0,AP710-S03F.501i.25
0923_S03-26,WM052534W-51482,F4:54:24:68:F6:00,AP710-S03F.501i.26
0923_S03-27,WM052534W-51694,F4:54:24:68:CF:40,AP710-S03F.501i.27
0923_S04-28 설치 안함,WM052534W-51613,F4:54:24:69:6C:80,AP710-S04F.501i.28
0923_S04-29 설치 안함,WM052533W-51379,F4:54:24:66:8A:40,AP710-S04F.501i.29
0923_S04-30,WM052534W-51519,F4:54:24:68:D4:00,AP710-S04F.501i.30
0923_S04-31,WM052533W-51730,F4:54:24:66:BD:00,AP710-S04F.501i.31
0923_S04-32,WM052534W-52361,F4:54:24:69:D7:C0,AP710-S04F.501i.32
0923_S04-33,WM052533W-51387,F4:54:24:66:68:00,AP710-S04F.501i.33
0923_S04-34,WM052534W-51385,F4:54:24:68:A7:40,AP710-S04F.501i.34
0923_S05-35,WM052534W-51120,F4:54:24:68:C3:40,AP710-S05F.501i.35
0923_S05-36,WM052533W-51422,F4:54:24:66:71:00,AP710-S05F.501i.36
0923_S05-37,WM052534W-51209,F4:54:24:68:DB:C0,AP710-S05F.501i.37
0923_S05-38,WM052534W-51168,F4:54:24:68:E1:80,AP710-S05F.501i.38
0923_S05-39,WM052534W-51170,F4:54:24:68:EB:00,AP710-S05F.501i.39
0923_S05-40,WM052534W-51418,F4:54:24:68:E3:00,AP710-S05F.501i.40
0923_S06-41,WM052534W-51647,F4:54:24:69:5B:C0,AP710-S06F.501i.41
0923_S06-42,WM052533W-51394,F4:54:24:66:89:80,AP710-S06F.501i.42
0923_S06-43,WM052534W-52352,F4:54:24:69:C4:40,AP710-S06F.501i.43
0923_S06-44,WM052534W-52021,F4:54:24:68:B1:80,AP710-S06F.501i.44
0923_S06-45,WM052534W-51264,F4:54:24:69:51:80,AP710-S06F.501i.45
0923_S06-46,WM052534W-51666,F4:54:24:69:68:40,AP710-S06F.501i.46
0923_S06-47,WM052533W-51334,F4:54:24:66:79:40,AP710-S06F.501i.47
0923_S06-48,WM052534W-51178,F4:54:24:68:AD:80,AP710-S06F.501i.48
0923_S07-49,WM052534W-51561,F4:54:24:69:6E:80,AP710-S07F.501i.49
0923_S07-50,WM052534W-51158,F4:54:24:69:40:00,AP710-S07F.501i.50
0923_S07-51,WM052533W-51295,F4:54:24:66:5F:80,AP710-S07F.501i.51
0923_S07-52,WM052534W-51101,F4:54:24:68:A0:C0,AP710-S07F.501i.52
0923_SB07-53,WM052534W-51384,F4:54:24:69:2C:00,AP710-SB07F.501i.53
0923_S08-54,WM052534W-51853,F4:54:24:69:21:40,AP710-S08F.501i.54
0923_S08-55,WM052534W-51161,F4:54:24:68:F0:40,AP710-S08F.501i.55
0923_S08-56,WM052534W-51027,F4:54:24:68:FA:80,AP710-S08F.501i.56
0923_S08-57,WM052534W-51439,F4:54:24:69:03:00,AP710-S08F.501i.57
0923_S08-58,WM052534W-51355,F4:54:24:69:09:C0,AP710-S08F.501i.58
0923_S08-59,WM052534W-51339,F4:54:24:69:0E:C0,AP710-S08F.501i.59
0923_S09-60,WM052534W-51604,F4:54:24:69:14:80,AP710-S09F.501i.60
0923_S09-61,WM052534W-51073,F4:54:24:69:17:40,AP710-S09F.501i.61
0923_S09-62,WM052534W-51236,F4:54:24:69:18:00,AP710-S09F.501i.62
0923_S09-63,WM052534W-51047,F4:54:24:69:2C:C0,AP710-S09F.501i.63
0923_S09-64,WM052534W-51249,F4:54:24:69:40:C0,AP710-S09F.501i.64
0923_S09-65,WM052534W-51407,F4:54:24:69:42:40,AP710-S09F.501i.65
0923_S10-66,WM052534W-51815,F4:54:24:69:4B:C0,AP710-S10F.501i.66
0923_S10-67,WM052534W-51053,F4:54:24:69:88:40,AP710-S10F.501i.67
0923_S10-68,WM052534W-51547,F4:54:24:69:50:C0,AP710-S10F.501i.68
0923_S10-69,WM052534W-51150,F4:54:24:69:82:40,AP710-S10F.501i.69
0923_S10-70,WM052534W-51477,F4:54:24:69:67:C0,AP710-S10F.501i.70
0923_S10-71,WM052534W-51200,F4:54:24:69:77:00,AP710-S10F.501i.71
0923_S11-72,WM052534W-51483,F4:54:24:69:61:80,AP710-S11F.501i.72
0923_S11-73,WM052534W-51718,F4:54:24:69:81:40,AP710-S11F.501i.73
0923_S11-74,WM052534W-52039,F4:54:24:69:2B:00,AP710-S11F.501i.74
0923_S11-75,WM052534W-51675,F4:54:24:69:89:C0,AP710-S11F.501i.75
0923_S11-76,WM052534W-52324,F4:54:24:69:A0:40,AP710-S11F.501i.76
0923_S11-77,WM052534W-52136,F4:54:24:69:AE:80,AP710-S11F.501i.77
0923_S12-78,WM052534W-52295,F4:54:24:69:C1:80,AP710-S12F.501i.78
0923_S12-79,WM052534W-52232,F4:54:24:69:D2:00,AP710-S12F.501i.79
0923_S12-80,WM052534W-52575,F4:54:24:69:D3:00,AP710-S12F.501i.80
0923_S12-81,WM052534W-52227,F4:54:24:69:DA:80,AP710-S12F.501i.81
0923_S12-82,WM052534W-52351,F4:54:24:6A:12:00,AP710-S12F.501i.82
0923_S12-83,WM052534W-51099,F4:54:24:68:94:00,AP710-S12F.501i.83
0923_S13-84,WM052534W-52593,F4:54:24:69:EA:40,AP710-S13F.501i.84
0923_S13-85,WM052534W-52045,F4:54:24:68:C5:00,AP710-S13F.501i.85
0923_S13-86,WM052534W-51353,F4:54:24:69:6E:40,AP710-S13F.501i.86
0923_S13-87,WM052534W-51097,F4:54:24:69:52:80,AP710-S13F.501i.87
0923_S13-88,WM052534W-51677,F4:54:24:69:39:80,AP710-S13F.501i.88
0923_S13-89,WM052533W-51311,F4:54:24:66:8A:80,AP710-S13F.501i.89
0923_S14-90,WM052534W-52242,F4:54:24:6A:07:80,AP710-S14F.501i.90
0923_S14-91,WM052534W-52147,F4:54:24:69:D5:40,AP710-S14F.501i.91
0923_S14-92,WM052534W-52336,F4:54:24:69:E9:80,AP710-S14F.501i.92
0923_S14-93,WM052534W-51226,F4:54:24:69:29:40,AP710-S14F.501i.93
0923_S14-94,WM052534W-51204,F4:54:24:69:88:00,AP710-S14F.501i.94
0923_S14-95,WM052534W-51867,F4:54:24:69:16:80,AP710-S14F.501i.95
0923_S15-96,WM052533W-51362,F4:54:24:66:83:C0,AP710-S15F.501i.96
0923_S15-97,WM052534W-52101,F4:54:24:69:FC:C0,AP710-S15F.501i.97
0923_S15-98,WM052534W-51752,F4:54:24:69:36:C0,AP710-S15F.501i.98
0923_S15-99,WM052534W-51234,F4:54:24:69:25:40,AP710-S15F.501i.99
0923_S15-100,WM052534W-52529,F4:54:24:69:F2:C0,AP710-S15F.501i.100
0923_S16-101,WM052534W-51250,F4:54:24:69:54:00,AP710-S16F.501i.101
0923_S16-102,WM052534W-51071,F4:54:24:69:3F:00,AP710-S16F.501i.102
0923_S16-103,WM052534W-51379,F4:54:24:69:0C:C0,AP710-S16F.501i.103
0923_S16-104,WM052534W-52277,F4:54:24:69:D6:80,AP710-S16F.501i.104
0923_S16-105,WM052534W-51481,F4:54:24:69:23:80,AP710-S16F.501i.105
0923_S16-106,WM052534W-51472,F4:54:24:69:32:40,AP710-S16F.501i.106
0923_S17-107,WM052534W-51180,F4:54:24:69:23:40,AP710-S17F.501i.107
0923_S17-108,WM052534W-51113,F4:54:24:69:49:00,AP710-S17F.501i.108
0923_S17-109,WM052534W-50339,F4:54:24:67:AD:40,AP710-S17F.501i.109
0923_S17-110,WM052533W-51255,F4:54:24:66:65:C0,AP710-S17F.501i.110
0923_S17-111,WM052534W-50979,F4:54:24:67:E0:00,AP710-S17F.501i.111
0923_S18-112,WM052534W-51337,F4:54:24:69:3A:C0,AP710-S18F.501i.112
0923_S18-113,WM052534W-51597,F4:54:24:68:98:C0,AP710-S18F.501i.113
0923_S18-114,WM052534W-51059,F4:54:24:68:D2:80,AP710-S18F.501i.114
0923_S18-115,WM052534W-51900,F4:54:24:69:3B:00,AP710-S18F.501i.115
0923_S18-116,WM052534W-51961,F4:54:24:69:37:80,AP710-S18F.501i.116
0923_S18-117,WM052534W-52221,F4:54:24:69:CB:00,AP710-S18F.501i.117
0923_S19-118,WM052534W-51484,F4:54:24:69:70:C0,AP710-S19F.501i.118
0923_S19-119,WM052534W-51570,F4:54:24:68:E9:40,AP710-S19F.501i.119
0923_S19-120,WM052534W-52584,F4:54:24:69:A6:00,AP710-S19F.501i.120
0923_S19-121,WM052534W-51559,F4:54:24:69:34:C0,AP710-S19F.501i.121
0923_S19-122,WM052533W-51382,F4:54:24:66:66:C0,AP710-S19F.501i.122
0923_S19-123,WM052534W-52211,F4:54:24:69:D5:80,AP710-S19F.501i.123
0923_S20-124,WM052533W-51371,F4:54:24:66:88:C0,AP710-S20F.501i.124
0923_S20-125,WM052534W-51091,F4:54:24:68:D2:00,AP710-S20F.501i.125
0923_S20-126,WM052534W-51541,F4:54:24:68:B4:40,AP710-S20F.501i.126
0923_S20-127,WM052534W-51107,F4:54:24:69:51:00,AP710-S20F.501i.127
0923_S20-128,WM052534W-51210,F4:54:24:69:64:80,AP710-S20F.501i.128
0923_S20-129,WM052534W-51505,F4:54:24:69:0B:80,AP710-S20F.501i.129
0923_S21-130,WM052534W-51125,F4:54:24:69:19:80,AP710-S21F.501i.130
0923_S21-131,WM052534W-51298,F4:54:24:68:9F:00,AP710-S21F.501i.131
0923_S21-132,WM052533W-51341,F4:54:24:66:67:C0,AP710-S21F.501i.132
0923_S21-133,WM052534W-51239,F4:54:24:68:8F:C0,AP710-S21F.501i.133
0923_S21-134,WM052534W-52466,F4:54:24:6A:13:C0,AP710-S21F.501i.134
0923_S21-135,WM052534W-51130,F4:54:24:68:A9:C0,AP710-S21F.501i.135
0923_S22-136,WM052533W-51321,F4:54:24:69:26:C0,AP710-S22F.501i.136
0923_S22-137,WM052534W-52205,F4:54:24:6A:08:00,AP710-S22F.501i.137
0923_S22-138,WM052534W-52237,F4:54:24:6A:12:40,AP710-S22F.501i.138
0923_S22-139,WM052534W-52036,F4:54:24:69:18:C0,AP710-S22F.501i.139
0923_S22-140,WM052534W-52461,F4:54:24:69:AD:40,AP710-S22F.501i.140
0923_S22-141,WM052534W-51079,F4:54:24:69:61:C0,AP710-S22F.501i.141
0923_S23-142,WM052534W-51302,F4:54:24:69:4D:80,AP710-S23F.501i.142
0923_S23-143,WM052534W-51133,F4:54:24:69:80:40,AP710-S23F.501i.143
0923_S23-144,WM052533W-51297,F4:54:24:66:8B:00,AP710-S23F.501i.144
0923_S23-145,WM052534W-51982,F4:54:24:68:C0:00,AP710-S23F.501i.145
0923_S23-146,WM052533W-51327,F4:54:24:66:74:00,AP710-S23F.501i.146
0923_S23-147,WM052534W-51343,F4:54:24:69:05:00,AP710-S23F.501i.147
0923_S24-148,WM052534W-52459,F4:54:24:6A:16:00,AP710-S24F.501i.148
0923_S24-149,WM052534W-52404,F4:54:24:69:AA:C0,AP710-S24F.501i.149
0923_S24-150,WM052534W-52516,F4:54:24:69:BA:C0,AP710-S24F.501i.150
0923_S24-151,WM052534W-52580,F4:54:24:69:A5:40,AP710-S24F.501i.151
0923_S24-152,WM052534W-51401,F4:54:24:68:C7:00,AP710-S24F.501i.152
0923_S24-153,WM052534W-51081,F4:54:24:69:69:40,AP710-S24F.501i.153
0923_S24-154,WM052533W-51368,F4:54:24:66:80:80,AP710-S24F.501i.154
0923_S26-164,WM052534W-52153,F4:54:24:69:B6:00,AP710-S26F.501i.164
0923_S26-165,WM052533W-51236,F4:54:24:66:62:40,AP710-S26F.501i.165
0923_S26-166,WM052533W-51279,F4:54:24:66:6C:40,AP710-S26F.501i.166
0923_S26-167,WM052533W-51276,F4:54:24:66:89:C0,AP710-S26F.501i.167
0923_S26-168,WM052534W-52586,F4:54:24:69:C4:80,AP710-S26F.501i.168
0923_S26-169,WM052534W-51388,F4:54:24:69:4B:40,AP710-S26F.501i.169
0923_S26-170,WM052534W-52410,F4:54:24:69:AE:00,AP710-S26F.501i.170
0923_S26-171,WM052534W-52446,F4:54:24:69:E4:00,AP710-S26F.501i.171
0923_S27-172,WM052534W-51603,F4:54:24:69:13:C0,AP710-S27F.501i.172
0923_S27-173,WM052534W-51211,F4:54:24:68:F7:80,AP710-S27F.501i.173
0923_S27-174,WM052533W-51285,F4:54:24:66:5F:C0,AP710-S27F.501i.174
0923_S27-175,WM052534W-51602,F4:54:24:69:5C:80,AP710-S27F.501i.175
0923_S27-176,WM052533W-51971,F4:54:24:66:B1:80,AP710-S27F.501i.176
0923_S27-177,WM052533W-51301,F4:54:24:66:8A:00,AP710-S27F.501i.177
0923_S27-178,WM052534W-52458,F4:54:24:69:BF:40,AP710-S27F.501i.178
0923_S27-179,WM052534W-51350,F4:54:24:69:5F:C0,AP710-S27F.501i.179
0923_S27-180,WM052534W-52493,F4:54:24:69:B1:80,AP710-S27F.501i.180
0923_S27-181,WM052533W-51317,F4:54:24:66:8C:80,AP710-S27F.501i.181
0923_S27-182,WM052534W-51248,F4:54:24:68:EF:00,AP710-S27F.501i.182
0923_STOCK,WM052533W-51304,F4:54:24:66:89:00,STOCK
0923_STOCK,WM052534W-51208,F4:54:24:68:D8:00,STOCK
0923_STOCK,WM052534W-51571,F4:54:24:68:B2:00,STOCK
0923_STOCK,WM052534W-51184,F4:54:24:68:ED:C0,STOCK
0923_STOCK,WM052534W-51258,F4:54:24:68:A2:C0,STOCK
0923_STOCK,WM052534W-51149,F4:54:24:68:FD:00,STOCK
0923_STOCK,WM052533W-51380,F4:54:24:66:8D:00,STOCK
0923_STOCK,WM052534W-51215,F4:54:24:68:98:80,STOCK
0923_STOCK,WM052533W-51349,F4:54:24:66:6A:00,STOCK
0923_RMA필요,WM052534W-51376,F4:54:24:66:78:00,RMA 발송 필요
0923_STOCK,WM052534W-51389,F4:54:24:68:91:80,STOCK
0923_STOCK,WM052533W-51376,F4:54:24:66:75:80,STOCK
0923_STOCK,WM052534W-52485,F4:54:24:69:B2:40,STOCK
0923_STOCK,WM052533W-51378,F4:54:24:66:80:00,STOCK
0923_STOCK,WM052534W-51202,F4:54:24:69:7E:40,STOCK
0923_STOCK,WM052534W-51145,F4:54:24:68:B7:80,STOCK
0923_STOCK,WM052533W-51231,F4:54:24:66:87:00,STOCK
0923_STOCK,WM052534W-51054,F4:54:24:69:43:C0,STOCK
0923_STOCK,WM052534W-51117,F4:54:24:68:A4:80,STOCK
0923_STOCK,WM052533W-51300,F4:54:24:66:60:80,STOCK
0923_STOCK,WM052534W-51075,F4:54:24:68:B7:00,STOCK
0923_STOCK,WM052534W-51403,F4:54:24:69:82:00,STOCK
0923_STOCK,WM052534W-52224,F4:54:24:6A:17:C0,STOCK
0923_STOCK,WM052534W-51410,F4:54:24:68:F2:C0,STOCK
0923_STOCK,WM052534W-51147,F4:54:24:68:E7:40,STOCK
0923_STOCK,WM052534W-51370,F4:54:24:69:7B:40,STOCK
0923_STOCK,WM052534W-52007,F4:54:24:68:E9:80,STOCK
0923_STOCK,WM052534W-52275,F4:54:24:69:E3:80,STOCK
0923_STOCK,WM052534W-52304,F4:54:24:69:AA:80,STOCK
0923_STOCK,WM052534W-52029,F4:54:24:69:65:C0,STOCK
0923_STOCK,WM052533W-51237,F4:54:24:66:6F:C0,STOCK
0923_STOCK,WM052534W-51152,F4:54:24:69:4C:80,STOCK
0923_STOCK,WM052534W-51231,F4:54:24:68:97:00,STOCK
0923_STOCK,WM052533W-51291,F4:54:24:66:6F:00,STOCK
0923_STOCK,WM052534W-51110,F4:54:24:69:17:80,STOCK
0923_STOCK,WM052533W-52306,F4:54:24:66:CF:00,STOCK
0923_STOCK,WM052533W-51247,F4:54:24:66:61:C0,STOCK
0923_STOCK,WM052533W-51484,F4:54:24:66:E3:00,STOCK
0923_RMA필요,WM052534W-51122,F4:54:24:68:B4:80,RMA 발송 필요
